Sender,Receiver,Amount,Category,Transaction_Date,Fraudulent
29338,56327,8.186185994226083,2,2023-07-11,0
13842,30694,8.025516386489008,0,2023-04-06,0
26423,67075,7.725771441587952,4,2023-03-09,0
37839,10360,5.60947179518496,2,2024-12-09,0
35979,39194,6.345636360828596,1,2024-05-25,1
68592,48317,8.003363058629947,2,2023-03-19,0
33278,26487,8.313852267398207,1,2024-10-03,0
35206,94063,8.027802848370312,2,2024-09-20,0
99459,62018,8.284251797621916,2,2025-01-16,0
23958,72270,7.258412150595307,1,2024-12-08,0
17650,78773,8.223627175805483,1,2023-12-20,0
63943,47684,7.119635638017636,1,2024-07-10,0
82635,17585,8.153925132007862,0,2024-07-12,1
16564,34627,7.585788821732034,0,2024-03-20,0
79398,41124,8.379768515504566,3,2023-05-04,0
18765,54233,8.219864741912652,0,2024-06-16,0
55301,45295,8.255568653283746,1,2023-07-18,0
90812,26209,5.700443573390687,0,2024-10-05,0
34868,66287,8.069655306886165,4,2024-11-27,0
69349,60831,8.452547997922705,1,2023-09-17,0
29823,24806,7.900636613018005,3,2024-10-23,0
10006,58358,8.138272638530186,4,2024-04-07,0
69734,91397,6.71295620067707,0,2024-01-23,0
51602,32124,8.34972083747249,3,2024-12-07,0
63607,46516,8.446341450444287,2,2024-06-11,0
77731,66891,7.892078421248119,0,2023-12-09,0
32584,26487,7.394493107219038,0,2024-07-08,0
63309,71449,8.063692634269517,2,2023-03-29,0
24331,37368,8.229244416735913,1,2023-05-25,0
38391,23635,6.920671504248683,1,2023-04-17,0
43828,12961,6.018593214496234,0,2023-09-01,0
84821,88815,7.444248649496705,2,2023-10-25,0
16564,15142,6.555356891810665,0,2023-02-19,0
17187,11972,8.462314529906248,3,2024-08-31,0
32584,65705,8.45531778769815,0,2023-07-08,0
53756,93128,8.019941687677365,3,2023-08-23,0
78204,73059,8.476162841858246,4,2024-02-02,0
88410,82043,8.392989587956931,1,2023-04-14,0
56138,89514,8.473868066677865,2,2024-06-17,0
79206,90074,6.490723534502507,0,2024-05-11,0
66248,89262,7.20934025660291,3,2024-05-04,0
94110,86991,7.516433302915632,0,2023-09-08,0
72449,37509,7.098375638590786,2,2024-10-11,0
15356,47911,7.75833346749091,4,2023-10-08,0
51240,30761,7.570443252057374,4,2024-01-04,0
88026,29517,8.225235324101668,4,2025-01-14,0
41882,87508,7.566828479208331,2,2023-11-03,0
48159,24806,8.24301946898925,2,2023-04-21,0
63716,54048,8.480736654405622,0,2023-02-18,0
84406,46917,8.202756381655638,4,2024-03-27,1
37219,98668,8.423980809694058,1,2023-08-06,0
65001,26866,3.6109179126442243,4,2024-11-02,0
26948,45983,8.48301573961465,4,2023-12-29,0
26948,40230,7.742402021815782,0,2024-10-30,1
75709,59496,8.442038517815478,1,2024-10-26,0
45642,74936,5.926926025970411,0,2023-09-12,0
19836,65375,7.1693500166706,4,2023-04-16,0
54039,10989,7.051855622955894,2,2024-10-12,0
90238,39177,7.298445101508147,2,2024-07-03,0
47728,71900,7.388946097618437,4,2023-11-11,0
63943,81202,7.365812837209472,3,2024-08-17,0
87406,46194,7.617267813628347,4,2023-10-28,0
77539,71449,8.214194414852564,1,2024-07-30,0
75709,57846,4.51085950651685,4,2024-05-21,0
20643,58291,8.19836438996762,3,2024-08-28,0
78480,93379,7.906547232368036,2,2023-09-13,0
67427,23214,8.019612794400267,3,2024-04-02,0
92967,15745,7.068172000388042,0,2023-06-17,0
59113,45642,4.700480365792417,2,2024-12-19,0
35363,41124,7.198931240688173,1,2024-05-03,0
94231,39177,8.209580483475577,2,2024-08-04,0
66248,55360,8.23880116587155,1,2023-07-12,0
69038,65876,8.213652703029998,3,2024-08-26,0
29359,84102,7.564238475170491,0,2024-02-27,0
65567,81112,8.411388132519262,1,2024-02-17,0
99303,88906,8.363342466597977,1,2023-11-21,0
44774,56000,8.391629968440892,1,2024-04-17,0
73478,74936,7.844632644464681,4,2024-03-10,0
52275,98808,7.519149957669823,1,2024-01-01,0
50270,44945,7.355001921105257,0,2023-09-10,0
97700,23609,6.71295620067707,1,2023-10-02,0
57861,33481,8.230044310126114,1,2023-09-07,0
43159,85437,7.1284959456800365,3,2024-09-27,1
28376,37434,7.424165281042028,0,2023-04-16,0
93936,17012,8.088561805276234,1,2024-05-22,0
43828,26209,6.9782137426306985,0,2023-10-20,0
92242,50087,5.6131281063880705,4,2024-03-22,0
42883,26149,7.600902459542082,2,2024-11-16,0
36046,85437,7.953318346560431,1,2024-09-01,0
61540,73059,7.546446273746024,3,2024-06-24,0
46625,44945,3.258096538021482,3,2023-11-01,0
10900,20990,8.4096079807363,4,2023-05-11,0
59264,32124,7.917900586327916,0,2023-10-22,0
38391,44945,4.382026634673881,0,2023-04-01,0
36563,11417,7.552237287560802,0,2023-07-21,0
92242,59563,7.910957382845589,1,2024-06-07,0
84406,79749,8.286521373681236,2,2024-08-29,0
74392,18430,8.405367376233981,0,2023-08-24,0
96859,12767,7.959275960116396,4,2023-11-02,0
52342,91518,6.60934924316738,1,2023-12-23,0
63863,95898,7.21081845347222,2,2024-02-28,0
58977,64773,7.122059881629142,4,2023-02-05,0
77539,53755,7.558516743045645,4,2024-08-06,0
97766,59712,8.439880088313567,2,2024-09-17,0
42530,28315,7.9102237070973445,3,2023-10-04,1
29155,39658,8.327000740241713,0,2024-05-19,0
93955,23539,8.479491324232226,3,2024-11-05,0
67844,85437,7.939871576361883,0,2023-10-24,0
88942,68290,8.46695197497949,4,2024-09-19,0
74071,74223,8.078688229229872,4,2024-03-03,0
32115,25716,7.148345743900068,0,2024-03-28,0
31692,11513,7.460490305825338,4,2023-02-28,0
27658,42507,7.641084249174914,2,2023-09-30,0
77002,17012,8.262042843966942,3,2023-04-19,0
81537,96690,8.187021067343505,0,2024-06-19,0
56545,83183,7.1204443723924875,1,2024-05-23,0
20373,15952,8.503702601233739,3,2023-11-04,0
98827,17200,6.906754778648554,1,2023-12-20,0
81397,33072,8.178919332848396,1,2024-05-02,1
93611,65258,8.08394570229562,1,2023-09-20,0
89741,24447,7.781138509845015,3,2024-02-18,0
69349,40076,7.126890808898808,1,2025-01-15,0
63607,46917,7.636752112435779,0,2024-05-12,0
79398,16692,5.117993812416755,3,2024-09-08,0
33754,98681,8.159660737063376,4,2023-03-24,0
78143,24712,6.7661917146603505,4,2023-01-25,0
21173,51038,6.895682697747868,1,2024-03-06,0
53233,58500,8.513185170018698,0,2024-06-22,0
87173,39717,7.050122520269059,1,2024-06-22,0
14423,98668,7.52456122628536,4,2023-05-23,1
79886,83176,7.508238774678663,2,2023-10-02,0
63943,33250,8.128290171607052,4,2024-07-04,0
56434,28033,6.863803391452954,0,2024-11-25,0
84374,62374,8.292047637431354,0,2023-09-21,0
36911,56327,7.738923757439457,4,2024-01-11,0
46770,40001,7.9561263512135,0,2024-02-20,0
17574,81954,7.6004023345004,4,2024-02-03,0
74071,88906,7.947325027016463,4,2023-05-17,1
90830,60273,7.991253929840199,4,2024-03-03,0
79567,42507,8.411610428841172,0,2023-04-03,0
30677,54036,7.984803389734406,1,2023-10-29,1
40186,15674,4.912654885736052,3,2023-06-03,0
43730,15952,8.176110342237342,3,2023-09-16,0
97438,81591,7.601901959875166,3,2024-07-31,0
58588,12961,7.37650812632622,0,2024-12-04,0
27658,79755,6.985641817639208,2,2023-02-05,0
91816,28472,6.954638864880987,3,2023-08-14,1
12243,79214,7.983098940710892,0,2024-06-14,0
37093,12767,7.436617265234227,4,2024-05-11,0
82274,81954,8.405143687607614,1,2023-08-29,0
65651,13513,6.175867270105761,1,2024-07-22,0
36578,70607,7.415175109613295,0,2023-10-10,0
78480,80354,7.214504414151143,1,2024-03-27,0
35206,82110,7.762170607138205,1,2024-07-17,0
81397,79310,3.713572066704308,3,2023-07-04,0
49678,46941,5.950642552587727,4,2024-03-18,0
64777,26209,5.655991810819852,0,2023-07-17,0
67254,40001,7.419380582918692,1,2023-11-24,0
92242,47010,5.187385805840755,1,2024-09-17,1
36908,53834,5.318119993844216,2,2023-06-01,0
15607,81265,6.78105762593618,4,2024-04-19,0
38923,78198,6.940222469119639,0,2024-08-28,0
73084,21946,8.0702808933939,1,2023-09-06,0
59113,79001,7.6787889981991535,1,2024-10-27,0
15356,93379,8.052933036797567,2,2024-12-01,0
68229,96561,8.416267272826277,3,2023-02-26,0
40137,70219,5.6937321388027,4,2024-06-08,0
37093,32124,7.493873886783559,1,2024-03-12,0
31692,87508,8.478244441277663,3,2024-10-03,0
90993,61020,8.101980731853192,1,2025-01-15,0
94110,83547,6.07993319509559,1,2023-05-22,0
88410,17283,7.61972421378267,3,2024-05-15,0
87173,93603,8.35772841676521,2,2024-12-07,0
17157,76168,6.45833828334479,2,2024-10-15,0
13849,44974,8.48714627006394,0,2023-05-05,0
36911,28139,8.432506383249043,1,2023-11-06,0
13053,58358,8.22389538017882,4,2023-02-15,0
74544,11033,6.86171134048073,2,2024-03-05,0
33278,27088,8.272826003650401,0,2024-12-10,0
43357,65129,7.633853559681768,4,2023-09-23,0
69589,53355,7.772331575169614,2,2023-08-25,0
84406,74468,8.388677769180811,0,2024-11-07,1
29338,59496,6.842683282238422,4,2023-10-04,0
96413,15975,7.05444965813294,2,2023-12-09,0
36046,82672,6.744059186311348,1,2023-06-22,0
34908,37938,8.445052513638554,1,2024-05-16,0
82305,45295,7.385851078125209,3,2023-01-28,0
87173,77442,7.884576510596324,4,2023-07-28,0
33754,65705,6.440946540632921,4,2023-04-29,0
90812,18266,6.9440872082295275,1,2023-05-14,0
90982,30759,8.495356496807062,1,2024-04-12,0
24417,93379,8.40200678160712,4,2024-06-10,0
28883,42507,8.165932137321585,2,2023-05-28,0
99950,65258,6.566672429803241,2,2023-10-27,0
60486,84102,8.512582578858554,1,2023-10-19,0
28382,39177,5.82600010738045,0,2024-07-15,0
61856,78656,8.161660452056282,1,2023-08-05,0
59264,25361,7.739794458408701,4,2024-07-12,0
97700,37368,7.491087593534876,3,2024-06-05,0
72729,89426,7.370230641807081,2,2023-12-02,0
67844,84250,8.481773246184977,4,2023-03-28,0
61179,17877,8.235360643753348,2,2023-03-11,0
59757,77442,7.86940171257709,3,2023-12-06,0
27658,50247,6.251903883165888,3,2023-10-05,0
99303,87671,7.001245622069476,1,2024-03-05,0
52243,44469,8.465057436995709,3,2024-06-13,0
46585,51680,8.327484416188264,0,2024-05-26,0
90238,97396,8.058327306580958,4,2024-07-15,0
93796,33112,8.353497098745448,1,2024-03-17,0
52243,57846,8.134174272137903,0,2024-08-28,0
48599,21631,7.828038032125829,2,2023-09-04,0
52275,28286,8.414052432496725,2,2023-05-10,0
26249,28113,4.127134385045092,3,2023-06-02,0
27758,91803,8.066521490469993,3,2024-01-16,0
14751,16002,7.194436851100335,0,2023-02-03,0
29359,15935,7.336936913707618,0,2023-12-16,0
90830,88815,7.533158807455563,1,2023-10-13,0
52983,19403,7.335633981927201,3,2024-06-05,0
18183,57781,5.43372200355424,4,2023-11-01,0
69589,26909,8.233768709217097,1,2024-08-17,0
33964,27849,8.200837258379849,3,2024-11-14,0
46770,93379,8.406038142050075,4,2024-08-30,0
73478,51786,8.43771698991444,3,2024-09-18,0
38880,52814,8.393216011596527,4,2024-10-20,0
37219,89529,7.704361167910313,1,2023-08-27,0
20452,65258,6.682108597449809,4,2023-09-07,0
73067,90333,7.739794458408701,2,2024-11-07,0
46430,83333,7.646831391430482,4,2024-05-23,0
13053,93361,8.450198322591959,4,2024-01-26,0
68424,23609,5.0689042022202315,0,2023-04-26,0
37503,84102,7.830822995135316,4,2024-07-17,0
46430,15935,7.222566018822171,2,2023-05-28,0
90982,20152,7.427738840532894,2,2024-01-02,0
50026,15975,8.516593011344206,4,2023-11-03,0
23705,88385,8.035602692918582,2,2023-05-09,0
92967,24806,8.242229891372231,1,2024-10-02,0
68293,66057,6.434546518787453,0,2024-12-27,0
31192,62469,8.047509510981422,1,2023-12-13,0
45600,82857,7.7142311448490855,2,2024-08-17,0
11486,91499,6.983789965258135,2,2023-06-02,0
65981,51680,7.662937850461535,0,2023-04-20,0
12428,64676,7.721348612617949,3,2023-07-15,0
18284,29760,7.565793282428515,4,2024-07-05,0
81100,68209,8.267448958304849,4,2023-06-17,0
36556,23513,8.212297138229768,3,2024-07-22,1
61985,25800,8.237743803890933,1,2024-05-31,0
29823,93379,7.946617563244473,1,2023-06-11,0
35979,47708,7.881182202227102,2,2025-01-12,0
60486,28655,8.146709052203319,1,2023-05-27,0
39461,30707,8.286269452783065,0,2024-02-25,0
17650,68248,7.10002716662926,1,2024-09-09,0
32736,60831,8.392536586816682,4,2023-05-29,0
75812,65319,7.976938756959434,4,2024-07-05,0
26249,55647,7.751475318021456,4,2024-08-12,0
11966,46194,8.354674261918463,2,2024-02-28,0
87926,21946,8.294549515143679,4,2024-01-18,0
15987,51625,7.951911381854188,2,2023-05-30,0
67674,79339,8.228710798793687,1,2024-09-05,0
62179,50707,8.484669999710677,2,2024-03-09,0
26249,89514,7.198931240688173,0,2024-12-18,0
52983,45047,8.438799123988225,2,2024-02-11,0
65411,18266,7.893198869544609,2,2025-01-20,0
29513,45755,8.31581113188354,3,2024-04-11,0
90031,64676,5.616771097666572,2,2023-03-09,0
55513,73059,6.054439346269371,1,2024-01-07,0
37093,48758,7.7142311448490855,0,2023-03-24,0
36911,14952,7.286191714702382,3,2023-10-09,0
33306,44945,7.112327444710911,2,2023-06-19,0
53095,94063,6.066108090103747,4,2023-10-19,0
89741,77445,5.342334251964811,0,2023-03-27,0
44113,83643,8.396831834745054,2,2023-08-11,0
33306,11417,7.4360278163518485,1,2023-05-26,0
68229,48296,8.106816038947052,2,2024-05-28,0
62580,76929,7.720017940432244,4,2023-10-20,0
70062,14952,8.16194579946869,1,2023-12-06,0
41834,88906,8.465689348549121,4,2023-12-15,0
88852,64810,8.00202481821611,4,2024-07-16,0
46029,39717,7.871692664323645,1,2024-02-04,0
85292,58262,8.332067707289548,0,2024-11-20,0
97108,68218,7.6676260915849905,3,2024-05-21,0
76431,31436,7.533693709848633,1,2023-08-03,0
46770,75112,8.43076346341785,0,2023-03-14,0
61540,41124,7.547501682814967,3,2023-06-05,0
43730,33250,5.54907608489522,0,2024-11-06,0
69698,12961,7.793999089503996,1,2023-01-27,0
66248,70649,6.35088571671474,3,2024-12-15,0
52597,40001,8.380685946761574,3,2023-05-23,0
34446,32169,7.89655270164304,3,2023-12-16,0
93530,20990,7.482681828154651,4,2023-08-01,0
82274,71900,8.478452363099807,0,2023-04-13,0
47304,60838,8.432070937999402,0,2024-10-28,0
88852,21946,7.306531398939505,4,2023-11-06,0
43178,29517,7.001245622069476,2,2023-08-06,0
28883,30662,6.12029741895095,2,2023-02-11,0
20254,45755,5.5093883366279774,1,2023-11-03,0
37503,45921,6.152732694704104,1,2024-05-14,0
63861,51713,8.40357646462927,2,2023-05-02,0
54039,26885,6.660575149839686,4,2023-12-01,0
61540,79973,6.542471960506805,1,2024-10-03,0
77358,34627,8.254788926148725,0,2023-03-01,0
90432,95898,8.154500175151941,0,2023-03-11,0
58430,28139,7.802618063442671,0,2023-08-19,0
61713,41124,8.138564737261632,2,2024-06-04,0
69698,17552,7.772752716468742,1,2024-04-09,0
94749,21631,7.368970402194793,1,2023-11-23,0
53095,81112,5.267858159063328,4,2023-09-02,0
39461,70649,7.607381425639791,4,2024-12-26,0
52597,79310,8.24354550792826,0,2023-04-03,0
52983,13122,6.923628628138427,2,2024-02-17,0
38309,15952,7.793586803371584,0,2024-09-07,0
67254,71575,7.3632795869630385,1,2023-03-24,0
61856,99568,8.489821994620105,0,2023-09-19,0
23748,99298,6.983789965258135,2,2024-01-09,0
53233,10989,6.680854678790215,4,2023-05-02,0
55513,27177,7.900636613018005,3,2024-12-31,0
84406,29517,8.21878715560148,2,2023-06-08,0
35979,57519,6.495265555937008,2,2024-09-11,0
63716,42760,7.972121128921655,0,2024-08-14,0
20452,57846,7.904334842085095,1,2024-08-10,0
18504,75112,8.344505083590521,4,2024-06-27,0
82305,89514,7.578656850594762,4,2023-04-01,0
79404,28298,7.773594467360194,0,2024-05-25,0
79886,95690,8.07775756373692,3,2024-05-23,0
58588,85971,7.242082359256962,3,2024-07-21,0
96604,47133,8.470939806898775,3,2023-07-26,0
27329,42369,7.618742377670413,0,2025-01-10,0
42883,44945,8.37539918579835,4,2023-06-04,0
56045,75466,8.397508348470257,2,2024-12-15,1
72870,98676,7.303843225277705,1,2024-12-30,0
70144,99298,5.71042701737487,0,2023-02-15,0
37638,98491,8.12740456269308,3,2023-03-25,0
70062,66891,8.046869510959576,4,2024-05-02,0
85702,35881,7.757051142032013,4,2023-12-14,0
81828,46516,7.476472381163905,4,2023-02-27,0
92907,98447,7.933079771880415,3,2024-05-27,0
28043,34525,7.188412736496954,3,2023-04-03,0
54785,29618,8.043342170441608,2,2023-10-09,0
49678,50011,8.442254104751743,4,2023-06-13,0
40694,64773,2.4849066497880004,1,2024-10-29,0
89741,88984,8.009695357742922,2,2024-10-13,0
18510,90333,6.782192056006791,3,2024-12-06,0
83128,98447,7.683403681053826,2,2024-09-25,0
32035,58262,8.189522110748094,3,2024-09-22,0
85702,44974,8.506738733512378,2,2023-02-14,0
11211,93603,8.389132521348719,3,2024-06-09,0
88852,13922,8.262816937670928,3,2024-08-18,0
81100,50214,6.736966958001855,3,2023-06-12,0
62179,40747,8.28121766128665,4,2023-08-06,0
34446,64676,8.39049553837028,0,2024-12-22,0
10006,41124,8.497194544909547,3,2023-09-22,0
36911,69021,2.5649493574615367,2,2023-12-16,0
48040,23539,6.5722825426940075,1,2023-07-07,0
13849,79973,7.40184157874383,0,2024-11-12,1
20254,37010,8.139440521874608,1,2024-02-07,0
25951,79339,6.4425401664681985,1,2024-09-01,0
30187,69007,5.030437921392435,0,2023-09-27,0
10448,87163,8.147288258706624,0,2024-09-09,0
56494,30662,8.304989580140361,0,2024-09-02,0
60001,93320,7.580699752224563,3,2024-05-31,0
79967,88858,7.455876687491824,4,2024-09-04,0
77562,10926,7.679713639966372,4,2024-02-13,0
15356,21631,8.120886021092838,3,2023-07-21,0
14423,37938,5.37989735354046,0,2023-03-14,0
37010,71543,7.271008538280992,0,2023-05-02,0
67844,28297,7.793999089503996,1,2024-06-17,0
22229,79339,6.762729506931879,1,2023-07-04,0
92967,70551,8.464635940677562,4,2023-09-06,0
79886,27088,8.19863945529737,0,2023-03-05,0
83493,72028,8.487558386286548,4,2024-04-24,0
97700,58382,8.137688184977605,4,2023-12-22,0
58808,61069,7.233455418621439,2,2024-10-19,0
49391,42592,8.46168048148598,1,2023-04-28,0
70940,32162,7.552237287560802,0,2023-07-03,0
87298,17283,7.057897937411856,1,2024-10-19,0
77731,25970,7.799753318287247,4,2025-01-17,0
82386,83176,8.32845106681936,2,2024-09-01,0
19836,98514,8.496990484098719,1,2023-11-02,0
96894,68248,7.8655717576847906,0,2023-08-09,0
91816,87511,8.127995055771946,0,2023-05-22,0
54029,74936,3.2188758248682006,1,2024-03-04,0
54319,13567,8.36450810375059,3,2023-03-30,0
54785,29816,7.99699040583765,4,2024-03-10,0
13176,76929,7.51425465281641,4,2023-07-25,0
46430,71900,7.181591944611865,1,2023-06-12,0
23748,17552,8.458716261657262,1,2024-05-27,0
70949,17877,6.643789733147672,4,2024-03-23,0
69144,82053,8.512582578858554,2,2024-04-15,0
24861,69007,7.970394907191429,3,2023-06-30,0
36046,65375,8.440528106480752,3,2023-04-22,0
28355,15935,7.488293515159428,2,2023-04-07,0
79886,25970,8.321421586897879,1,2024-09-29,0
42530,39194,8.20303024171486,3,2023-03-05,0
16154,10352,8.34212526333359,0,2024-11-29,0
17413,70219,8.511376306094673,1,2024-12-10,0
62219,48317,8.217438537730187,3,2024-02-18,0
97108,13513,8.092851027538384,4,2024-08-12,0
52597,46652,3.044522437723423,4,2024-10-10,0
33306,63444,7.994969522697877,1,2024-03-14,0
51188,18936,6.8308742346461795,0,2023-02-18,0
54836,83176,4.454347296253507,0,2023-12-16,0
83116,53755,5.2574953720277815,3,2024-11-19,0
83546,88984,7.534228326274089,2,2023-04-12,0
11537,23635,7.483806687665835,1,2024-09-04,0
68128,47684,5.442417710521793,3,2023-03-24,0
35206,77442,8.076204527239026,2,2024-04-29,0
69842,49120,7.0630481633881725,3,2023-07-28,0
82635,96690,8.096208271650037,4,2024-11-23,0
46585,67371,8.475120414994329,0,2024-11-14,0
59264,38218,8.280204233279974,0,2023-10-16,0
68293,37010,5.666426688112432,4,2023-12-04,0
83493,16751,8.147288258706624,2,2023-04-29,0
33754,46652,7.2254814727822945,2,2024-12-27,0
49321,17283,7.926241523170962,4,2024-10-26,0
28639,46194,7.862497197230545,0,2023-11-26,0
94231,55647,7.203405521083095,1,2024-04-19,0
31692,98681,7.602401335665818,3,2024-01-18,0
96857,59030,8.243282523048375,0,2024-04-27,1
54319,86265,8.225770799348734,3,2023-03-29,0
63861,28655,8.0040315078527,1,2025-01-22,0
62179,82110,8.456806041401142,2,2024-03-09,0
84374,35881,8.20685642839965,3,2024-05-12,0
37556,29797,6.833031732786201,3,2024-08-13,0
18510,70219,8.36730010184162,4,2023-11-25,0
39145,96336,7.834788107388194,1,2023-09-10,0
12267,77442,8.001355025826703,0,2024-05-19,0
44774,48317,8.239329427901795,1,2023-02-04,0
69391,46194,3.2188758248682006,2,2024-10-31,0
61179,45295,7.121252453244542,4,2024-03-01,0
13931,22689,8.283999304248526,4,2024-02-10,0
39710,31436,5.209486152841421,0,2024-09-03,0
49321,80927,5.934894195619588,4,2024-01-25,0
93530,26209,7.473637108496206,2,2023-04-26,0
45642,87671,7.8709295967551425,1,2023-04-09,0
81201,19470,8.226038429485484,4,2024-04-20,0
82274,64676,5.926926025970411,0,2024-05-07,0
42883,45537,8.03268487596762,4,2024-03-02,0
70058,15745,8.065893546964274,3,2023-06-09,0
99187,83333,8.065265208897733,0,2024-09-30,0
63607,36177,8.27052509505507,4,2023-12-29,0
88026,86739,6.421622267806518,3,2024-05-22,0
17157,12501,7.076653815443951,3,2024-08-12,0
48159,87163,8.262816937670928,2,2024-05-20,0
33754,29247,6.892641641172089,4,2024-01-03,0
47559,64146,6.843749949006225,1,2024-11-06,0
25723,16692,8.073402968986406,3,2023-09-08,0
62179,12084,8.345217926676428,1,2025-01-11,0
81100,25361,8.09132127353041,0,2023-10-27,0
78204,72270,8.038834757787749,4,2023-07-19,0
69391,77865,8.077136638538454,2,2024-07-08,0
93530,25168,6.70073110954781,0,2025-01-20,0
17568,41340,8.473032295630468,1,2024-05-15,0
90812,29618,7.940227765145702,3,2023-09-03,0
83116,45642,4.48863636973214,3,2023-07-08,0
73478,95690,6.587550014824796,0,2025-01-03,0
37556,42018,8.405143687607614,1,2023-09-10,0
96263,48296,8.384575666801398,0,2024-05-05,0
38391,36177,7.136483208590247,3,2023-02-24,0
58424,31908,8.017637159908478,3,2024-08-18,0
36578,24712,6.335054251498059,1,2023-11-18,1
84406,23539,4.219507705176107,2,2024-10-12,0
36556,12323,8.20849175174038,0,2024-12-15,0
33306,35950,7.157735484249907,4,2024-09-15,0
76523,48860,7.404887575616125,1,2024-05-18,0
87406,12084,7.794411205726601,4,2024-10-10,0
94399,73404,8.491875383431948,4,2025-01-07,0
93936,13922,7.76046702921342,2,2023-08-22,0
83116,11417,7.952966790923131,1,2023-07-01,1
82493,28033,8.213110697596676,3,2023-03-06,0
94691,51038,7.685243607975833,2,2023-10-14,1
35810,70649,5.4510384535657,1,2023-03-02,0
79886,23539,8.475120414994329,4,2024-11-22,0
38823,95367,8.475328987317539,1,2023-02-11,0
33306,41124,7.202661196523238,1,2024-10-23,0
50270,12084,8.384575666801398,0,2023-04-06,0
97438,49853,8.154500175151941,2,2024-02-17,0
22229,12323,8.04044688130311,0,2024-05-31,0
52057,64466,8.32239411311117,3,2024-03-10,0
49321,23905,7.270312886079025,1,2023-08-23,0
87392,60273,8.384575666801398,1,2024-05-29,0
69349,26866,8.11162807830774,0,2024-12-08,0
69545,28472,8.333510708982942,0,2024-06-30,0
46029,63064,7.325807502595773,1,2023-03-11,0
19836,62071,8.42989086301344,2,2024-09-15,0
97438,28297,6.455198563340122,2,2023-05-27,0
88410,65705,7.290292882446597,4,2024-11-23,0
75709,28033,7.20934025660291,0,2023-03-02,0
39710,28113,7.791109510610028,2,2024-05-31,0
90982,30662,8.451694209183541,4,2024-08-17,0
36908,14952,7.962067308753666,2,2024-02-09,0
88026,36225,6.12029741895095,3,2024-06-04,0
99187,12961,6.493753839851686,3,2023-11-24,0
11966,82394,8.459352191726387,3,2024-12-21,0
58808,79310,8.043020885298283,4,2023-06-22,0
23748,58262,8.300528606199737,3,2023-10-05,0
62642,50011,7.880804344674901,2,2023-03-24,0
15324,17585,8.163371316459912,3,2023-07-07,0
13053,82110,7.9247959139564355,4,2024-06-01,0
91816,82043,8.260751354700513,0,2024-05-12,0
88942,86991,7.2633296174768365,2,2023-07-05,0
37556,21631,6.762729506931879,3,2023-07-31,0
23705,40964,7.788211557847076,4,2023-06-02,0
23967,83317,8.415160465851086,4,2024-08-06,0
82834,40594,8.430981494597171,1,2024-08-28,0
74228,82043,7.4489161025442,0,2023-09-29,0
94231,94063,8.182000136293405,2,2024-01-06,0
79886,18015,8.335191583433202,4,2024-04-03,0
15324,21192,7.516433302915632,2,2024-09-10,0
39912,90074,5.187385805840755,1,2024-08-29,0
11966,42179,8.175829008714597,4,2023-12-18,0
90069,90333,6.3473892096560105,4,2024-10-28,0
13929,40309,3.970291913552122,2,2024-11-19,0
70897,97396,7.9976631270201,4,2025-01-15,0
14423,79755,8.244334047856094,1,2023-04-05,0
96263,74936,8.438582790834326,2,2024-07-27,0
18284,99298,8.17526610411206,1,2024-08-25,0
22974,40747,8.223627175805483,2,2023-07-14,0
78480,45047,8.310660905907225,4,2024-05-19,0
72449,40964,6.016157159698354,3,2023-10-08,0
24982,79973,7.9355873855892,1,2024-01-26,0
70475,94303,8.091933455979893,2,2024-12-21,0
92967,73547,7.108244139731541,1,2024-10-11,0
10824,58033,7.475905969367397,1,2024-03-27,0
54041,82394,8.314097335405807,1,2024-01-02,0
89408,59563,7.902117546276448,0,2023-01-29,0
37093,97396,8.166216268592143,4,2024-08-30,1
85292,99568,5.8888779583328805,3,2024-07-18,0
14272,40735,8.412277021466677,4,2024-12-14,0
54039,45983,7.76046702921342,2,2024-06-14,1
35810,15745,7.690743163541872,2,2023-05-17,1
82635,37368,7.627544390488503,1,2024-07-20,0
65981,40446,8.096817470572319,2,2024-09-28,0
62754,82857,7.838737559599282,2,2025-01-03,0
26948,46516,8.504715669905124,3,2023-09-08,0
21173,42369,7.419979923661835,4,2024-12-12,0
38391,23539,8.468002947225466,2,2024-03-19,0
73467,53316,8.254008590564844,4,2024-03-15,0
68592,35464,8.278174290943738,1,2023-05-02,0
70062,70551,8.206037762778815,4,2025-01-15,0
18255,73547,5.41610040220442,1,2024-10-18,0
36614,54233,8.233768709217097,3,2024-01-05,0
73971,10926,7.3727463664043285,2,2024-01-03,0
60759,98252,7.784473235736469,0,2024-12-13,0
81828,53755,8.385716828627851,4,2024-02-11,0
13176,45642,8.465268118551318,3,2024-12-16,0
49321,33481,8.074649075066652,2,2023-10-21,0
32115,98609,7.796469243086058,0,2024-12-19,0
78835,30157,6.853299093186078,4,2023-05-20,0
44774,30761,8.463581421967588,3,2023-04-10,0
17413,86812,8.48301573961465,1,2024-04-20,0
22229,58495,7.581209826196346,2,2023-05-08,0
61856,80927,8.471568013389962,4,2023-05-08,0
65897,19470,8.413608875159667,1,2024-04-26,0
11486,46067,7.992944547318106,4,2023-08-21,0
75709,23539,8.142063283104147,3,2024-12-19,0
40804,25500,7.88758403166028,4,2023-03-09,0
78204,10360,8.40827078419205,3,2024-03-10,0
55513,66515,8.238008249218403,4,2024-04-07,0
79567,72270,8.249313746260636,4,2024-12-28,0
26890,54233,8.391403185357937,1,2023-04-30,0
69734,44469,5.365976015021851,2,2024-07-31,0
97700,94303,7.442492722794441,1,2024-01-07,0
94110,54036,7.3783837129967145,4,2024-11-21,0
42530,78093,7.923348211930154,4,2023-12-23,0
28376,36177,7.360739903058278,1,2023-05-26,0
59113,24712,8.193953023563742,3,2023-05-22,0
19836,86265,8.357259153499912,1,2024-01-16,0
13176,39177,6.376726947898627,2,2023-11-09,0
73478,14331,7.762170607138205,0,2023-09-26,0
69734,80100,8.3133619511344,3,2024-10-19,0
76441,55360,4.564348191467836,0,2024-01-17,0
52983,77445,6.008813185442595,1,2024-06-26,0
18183,93094,7.158513997329321,2,2024-10-06,0
71055,62018,8.096817470572319,1,2023-07-15,0
35810,74725,6.699500340161678,0,2023-01-26,0
18765,69007,6.376726947898627,2,2023-07-12,0
77358,23730,8.017966703493599,4,2023-11-27,0
91920,41124,8.429454277108231,3,2023-09-24,0
51188,58033,8.326274787396764,4,2023-12-08,0
53850,46194,7.088408778675395,2,2024-03-01,0
62580,79214,7.84971375760487,4,2024-06-21,0
83027,59613,6.251903883165888,2,2024-03-30,0
56545,16336,8.31434234336979,0,2024-12-10,0
79557,42369,7.8961806086154915,0,2024-09-24,0
11537,15674,8.073714641109857,2,2024-08-30,0
48497,61020,8.143226750367445,1,2023-07-27,0
75812,39553,6.854354502255021,2,2023-10-29,0
26890,22689,8.391629968440892,1,2024-03-12,0
79557,59431,8.366137716496281,4,2023-02-10,0
15356,39194,7.792761720816526,0,2023-12-10,0
46585,79749,7.597897950521784,3,2023-04-21,0
60759,79749,8.321664807135,1,2024-12-07,0
62219,74725,8.106212902619962,4,2024-06-02,0
40137,68248,8.405143687607614,1,2024-05-21,0
55301,82857,5.389071729816501,4,2024-11-17,0
13053,45537,7.591861714889934,4,2025-01-01,0
11486,12084,7.971085753505607,3,2023-10-18,0
68248,49865,6.931471805599453,4,2024-04-27,0
14751,28945,8.104099056143582,3,2024-09-29,0
85292,91803,8.440312147080279,0,2023-05-18,0
44774,71543,8.217438537730187,2,2023-09-02,0
64379,83436,7.442492722794441,2,2024-04-17,0
90812,27177,8.427049641563272,3,2024-05-13,0
63861,26487,5.564520407322694,2,2023-04-27,1
17187,25937,6.030685260261263,1,2023-05-10,0
65405,18266,8.479906606630221,3,2024-07-30,0
75812,12006,8.499843553081124,2,2023-04-24,0
17157,80757,7.760893195851024,4,2023-02-05,0
80521,98808,7.8567067930958405,4,2024-01-18,0
29622,73084,8.39840965542627,0,2023-09-25,0
46430,93379,8.035278911144667,4,2024-09-23,0
42349,98609,7.995643604287271,1,2024-07-22,0
41882,83183,8.368925174747135,4,2023-07-14,0
15987,35595,7.873978379604501,3,2024-09-17,0
66248,48860,8.441822884391462,1,2023-09-22,0
59757,98609,7.7057128238944275,3,2023-12-20,0
16154,12084,3.7612001156935624,4,2023-02-17,0
94944,62857,6.939253946041508,4,2024-11-09,0
81201,79755,5.817111159963204,3,2023-05-25,0
88079,52894,8.296546520300614,4,2024-03-16,0
96413,21192,6.3473892096560105,1,2023-05-22,0
18255,35950,5.272999558563747,3,2024-07-31,0
57599,95928,5.993961427306569,4,2025-01-19,0
48159,26274,8.441607204459642,1,2024-11-07,0
54319,41033,8.470311205516108,3,2023-08-25,1
95207,42083,6.949856455000773,2,2024-10-23,0
46029,74468,7.416979621381154,3,2023-11-30,0
34600,58291,5.996452088619021,4,2024-06-27,0
46770,28139,7.29776828253138,3,2023-04-26,0
68424,67075,3.4011973816621555,4,2024-12-30,0
10006,45537,7.945201132412759,0,2023-10-29,0
70940,91499,8.33110454805304,2,2023-07-31,0
35214,56327,8.067149039910106,4,2023-06-12,0
48159,83557,7.667158255319148,0,2024-04-06,0
72449,67312,7.945909598613133,1,2024-07-06,0
18479,93128,8.065579427282092,0,2024-06-18,0
49321,67075,8.419580362549237,3,2023-07-21,0
28639,54701,7.524021415206125,2,2023-06-07,0
41834,76929,7.1891677384203225,0,2023-02-21,0
30677,49821,5.438079308923196,1,2023-04-27,0
18504,93463,8.160518247477505,1,2024-01-15,0
41834,36487,3.8066624897703196,0,2023-02-09,0
68293,16692,7.572502985020384,1,2024-06-18,0
94231,32162,6.113682179832232,2,2024-10-11,0
31192,50011,5.950642552587727,4,2024-07-13,0
34908,44318,6.84587987526405,3,2024-05-10,0
93955,95367,4.867534450455582,1,2024-10-11,0
67065,53051,7.935945103353701,0,2023-05-03,0
90432,20152,8.080856419640986,1,2023-08-21,0
68424,40735,7.489412083508719,0,2024-04-16,0
69038,16692,7.311886164077165,1,2025-01-01,0
59757,28655,8.207401833376355,4,2023-10-17,0
77237,79001,8.281470857895167,1,2024-07-01,1
96263,77442,8.348774539791274,0,2024-05-12,0
18504,76929,7.595889917718538,2,2023-03-17,0
34908,16336,7.507690077819904,0,2024-02-06,0
87872,57781,6.018593214496234,0,2023-12-10,0
81455,17012,7.60489448081162,4,2024-05-07,0
81100,45537,7.453561871643373,1,2024-07-10,0
77002,91499,8.346642090221199,0,2024-01-07,0
63863,61069,8.294799358992574,0,2023-07-25,0
40694,42592,8.079308192051961,4,2024-02-20,0
37556,59613,6.261491684321042,0,2023-02-17,0
29654,95928,6.280395838960195,2,2024-06-16,0
33278,71543,7.001245622069476,0,2024-04-22,0
86628,98514,8.46674164792014,0,2024-07-16,0
30654,53834,8.259199362666282,2,2025-01-15,0
61856,45642,7.592870287844818,1,2023-12-20,0
48461,13122,8.507546814364431,4,2024-07-09,0
58424,47911,7.037027614686276,0,2024-08-08,0
79567,35630,7.736307096548285,0,2023-04-23,0
46295,18946,6.023447592961033,4,2023-08-30,0
21970,42018,8.21554741194707,0,2024-06-05,0
17157,27171,7.675081857716334,2,2023-03-17,0
30187,29247,6.180016653652572,2,2024-10-01,0
63863,23214,7.823245690685523,1,2024-01-19,0
47569,50707,8.232440158470336,3,2024-05-12,0
14272,81954,8.353025845202325,2,2024-06-13,0
65567,96264,8.0519780789023,0,2023-10-11,0
58549,26909,7.767687277186908,2,2024-09-10,0
39145,32965,8.09712193091871,2,2023-04-11,0
38923,40001,8.22121009392507,2,2023-05-22,0
53850,70607,8.262300941787448,2,2023-09-26,0
87022,26866,7.764296006450518,0,2023-03-21,0
42037,53389,8.264363329731667,0,2024-11-22,0
65411,50087,7.615791072035833,1,2024-12-27,0
73992,16002,6.761572768804055,3,2024-08-18,0
44774,25912,6.767343125265392,2,2024-12-03,0
62549,98252,8.310414994188292,1,2024-07-09,1
79600,56361,6.704414354964107,1,2024-03-30,0
81455,78656,8.463159302923751,3,2023-01-29,0
41975,36891,4.0943445622221,1,2024-04-05,0
34182,41440,7.68937110752969,2,2023-03-23,0
88913,82614,7.404887575616125,4,2023-08-03,0
68248,79749,8.047189562170502,2,2023-04-25,0
98017,39194,8.068716192714781,2,2024-05-20,0
13842,32343,8.114025442356757,2,2023-11-16,0
38923,47133,8.494743062578646,0,2024-05-07,0
42530,89514,8.000684784514748,4,2023-07-16,0
57512,38218,8.038189179973203,4,2023-07-12,0
82386,76168,6.63200177739563,1,2024-05-30,0
84821,29517,5.598421958998375,3,2024-02-02,1
26948,11417,7.607381425639791,4,2024-11-06,0
74544,96336,6.340359303727752,0,2023-03-04,0
61713,78198,8.125630988477065,3,2023-04-28,0
81100,51713,7.475905969367397,1,2023-05-25,0
69589,39658,4.852030263919617,2,2024-07-04,1
24417,74725,7.65728279297819,4,2023-05-31,0
91373,28113,7.453561871643373,2,2024-12-16,0
37638,50974,7.1731917424865985,2,2024-07-04,0
53850,12767,7.607878073278507,4,2023-12-03,0
92967,40910,8.23403420769204,3,2024-09-22,0
96859,45295,7.907651594711089,1,2024-01-17,0
30677,26909,7.463363045520021,2,2024-06-15,0
60486,41157,6.371611847231857,1,2023-05-06,0
24536,25912,8.18646442942209,0,2023-02-27,0
90069,53834,8.321664807135,1,2024-11-05,0
26787,77865,5.971261839790462,0,2023-12-08,0
90982,62358,8.487352349405215,4,2023-06-21,0
97108,41124,7.789454566086673,4,2024-12-11,0
86939,66287,5.560681631015528,0,2023-06-11,0
84043,83183,7.973155433444133,0,2023-06-29,0
24861,45295,8.202482446576537,3,2024-10-30,0
20373,69594,6.608000625296087,4,2024-09-07,0
10753,64466,6.309918278226516,3,2024-11-05,0
82924,27088,6.55250788703459,2,2023-06-02,0
11211,18088,7.37650812632622,2,2024-04-13,0
56553,15975,7.822845290279774,0,2023-10-04,0
17956,74819,7.529406457837013,2,2024-11-14,0
63863,40735,8.151909872940905,1,2024-12-14,0
90069,17822,6.0844994130751715,3,2023-09-29,0
41834,64480,8.17103418920548,0,2024-06-11,0
93346,30662,6.773080375655535,1,2024-02-29,0
56138,47684,6.597145701886651,0,2023-04-21,0
35810,45983,8.316544717929398,0,2024-03-18,0
66248,82507,8.16876982367527,0,2024-10-14,0
73084,51680,6.777646593635117,1,2023-09-23,0
29518,42507,8.40804774415544,3,2023-02-26,0
23845,12767,8.430981494597171,2,2023-08-17,0
90668,46194,8.19533366716287,1,2024-06-05,0
18765,40594,8.22817689595132,1,2024-02-09,0
37855,61069,8.474911799159631,4,2023-10-17,0
80521,70649,7.929846429742503,2,2024-01-15,0
25951,37010,8.246958032568177,3,2024-06-14,0
55789,33741,8.411610428841172,4,2024-04-03,0
86664,13567,7.4645098346365275,1,2024-08-02,0
23705,93463,8.096208271650037,0,2023-03-06,0
90432,96561,7.215239978730097,4,2023-05-29,0
58053,73612,6.655440350367647,0,2024-11-02,0
69350,21192,6.716594773520978,0,2023-08-27,0
30654,64676,7.81923445385907,1,2023-02-04,0
14423,39635,8.208219383496834,4,2023-12-13,0
34182,77839,8.386856689688234,3,2023-09-28,0
13842,39581,8.361708288575842,0,2024-01-10,0
68229,63444,7.687997166393016,1,2024-11-12,0
77237,71543,7.880804344674901,4,2025-01-18,0
65405,30157,7.7226775164680035,3,2023-03-12,0
81231,64466,7.324489979348532,2,2023-08-06,0
28382,26209,8.299783171949787,0,2024-11-25,0
70058,30135,6.976348070447749,2,2024-02-27,0
96263,15935,8.019941687677365,4,2023-05-29,0
43357,58291,7.618251097876695,1,2024-12-17,0
13929,23905,8.260751354700513,2,2024-12-17,0
27413,90333,8.086717920303906,0,2023-09-08,0
13176,82394,8.356789669923213,2,2024-10-26,0
64379,94063,8.377011160816375,4,2023-07-22,0
87406,74372,8.327967858305488,3,2023-12-22,0
47535,39194,7.119635638017636,0,2023-11-11,0
10448,81591,8.132706489693264,4,2023-02-28,0
13931,85437,8.425954710981966,0,2024-11-03,0
51188,47708,7.946263643580541,3,2023-04-28,0
98017,32965,8.410720946905721,1,2024-06-13,0
76441,47911,7.388946097618437,2,2023-09-07,0
17568,58033,6.194405391104672,1,2023-12-13,0
93346,83547,8.440959885416648,2,2024-09-15,0
79404,79964,7.007600613951853,4,2024-08-26,0
52057,44974,8.085178748074537,0,2024-10-02,0
83235,35630,8.130059039992796,0,2023-09-26,0
10900,15952,4.418840607796598,4,2024-06-03,0
69350,35713,7.116394144093465,0,2024-08-19,0
67254,78093,3.6888794541139363,0,2023-11-23,0
65411,13129,5.41610040220442,4,2024-02-20,1
94944,42018,6.733401891837359,0,2023-05-16,0
17956,40832,8.32069157104845,3,2023-07-10,0
69842,40594,6.008813185442595,3,2023-08-26,0
28355,70551,8.142063283104147,1,2023-02-05,0
74392,18266,7.542213463193403,2,2024-09-14,0
38309,83220,8.506738733512378,4,2023-09-15,0
97861,74372,8.461469042643875,3,2024-01-07,0
15356,40230,7.8547691834991324,0,2023-03-03,0
49391,70150,6.71295620067707,0,2023-04-30,0
23967,40076,8.027802848370312,3,2024-03-03,0
58424,74468,8.155362120328135,3,2023-08-11,0
82834,34370,8.006367567650246,3,2024-05-27,0
94749,25240,7.408530566894626,3,2023-08-12,0
48040,89472,6.338594078203183,0,2024-04-08,0
58053,23905,8.14351740579748,0,2023-10-08,0
93958,47010,8.486527777105353,4,2023-05-06,0
18479,19639,7.89989532313973,4,2023-08-26,0
23748,90333,8.435983135990694,3,2024-02-07,0
88079,71543,7.47477218239787,2,2024-08-18,0
12147,61020,8.010027528481734,2,2024-08-26,0
54836,83031,7.937374696163295,4,2023-05-04,0
75709,27088,8.295798110636145,2,2023-04-13,0
44774,61069,8.428799040653642,1,2023-09-15,0
55301,48758,8.310660905907225,2,2023-03-08,0
15356,12787,8.13973227971767,1,2023-08-02,0
18504,36225,6.39024066706535,1,2024-07-18,0
13176,42018,7.444833273892193,3,2024-12-17,0
17956,73749,7.363913501405819,3,2024-01-10,0
29622,78656,7.694392802629421,2,2024-07-28,0
57557,65129,8.480944058741116,2,2024-10-23,0
37010,67167,8.326758814511733,4,2024-12-30,0
81828,55360,6.556778356158042,3,2023-03-20,0
62219,44469,8.46821300919452,3,2024-02-23,0
83235,62857,7.664815785285735,4,2024-12-29,0
33278,44945,7.798112628829788,1,2023-06-18,0
30654,16751,8.439231649946526,2,2024-10-16,0
41064,64103,8.475328987317539,0,2023-05-12,0
18504,72682,7.873217054862741,1,2023-09-27,0
53756,95690,6.18826412308259,3,2023-04-02,0
89741,21192,8.014004994779459,2,2024-10-03,0
77237,98676,8.276903481267057,3,2023-08-19,0
93611,67167,8.41027590907016,0,2024-10-11,1
96413,14331,8.503905297089302,4,2023-02-06,0
63756,65129,8.450412157725886,0,2024-01-16,0
59321,25970,8.335671314792847,3,2025-01-06,0
11211,23592,7.007600613951853,2,2024-02-26,0
64746,60826,5.955837369464831,1,2024-10-31,0
58250,98609,7.311886164077165,2,2024-06-24,0
94691,39658,8.164225652265827,0,2023-03-03,0
93936,14714,8.156797046675651,4,2023-05-08,0
91816,73612,6.452048954437226,0,2023-11-03,0
41327,53051,8.125926802707886,4,2024-12-06,0
62642,70649,8.304989580140361,0,2024-03-06,0
82834,57846,6.799055862058796,2,2024-03-09,0
39461,96690,7.195187320178709,1,2023-12-01,1
17212,79755,6.78332520060396,0,2024-07-01,0
29338,40446,7.736743682453495,0,2023-03-28,0
21970,99128,7.2078598714324755,4,2023-09-24,0
73971,34525,7.690286020676768,4,2023-07-18,0
32115,14952,6.762729506931879,3,2023-08-29,0
10753,93361,6.369900982828227,2,2024-06-24,1
37556,91518,7.2909747781429814,1,2023-09-06,0
14615,48196,6.727431724850855,1,2024-08-11,0
70940,45921,8.278682162970906,1,2025-01-12,0
36046,79339,6.1092475827643655,1,2023-06-30,0
36563,96561,7.732369222284388,4,2023-04-22,0
27329,87511,6.411818267709897,1,2024-05-26,1
99459,10981,8.496990484098719,1,2023-06-08,0
76441,73404,8.357024439263416,3,2024-09-29,0
23958,58500,8.262300941787448,4,2023-01-27,0
38923,67167,8.491670234185152,0,2024-12-17,0
50026,60273,8.225503097566918,4,2024-10-15,0
87926,79964,6.608000625296087,1,2023-10-20,0
46029,28139,7.787382026484701,1,2023-05-27,0
62754,41244,2.8903717578961645,1,2023-12-05,0
34182,32124,8.030084094267563,3,2023-02-13,0
52342,23539,7.532623618788788,2,2024-05-24,1
14751,10360,7.377133712833954,0,2023-03-03,0
64931,74223,8.262558973010657,3,2024-12-30,0
54041,94063,6.53813982376767,2,2024-08-16,0
12428,54701,6.38856140554563,0,2023-12-07,0
65405,58358,7.237778191923443,0,2023-02-17,0
32736,95898,5.60947179518496,3,2023-07-25,0
26787,19403,7.6984827878809465,3,2024-03-18,0
77002,61020,8.106816038947052,3,2024-03-10,0
59113,79310,7.920446505142607,1,2023-04-15,0
94944,21631,7.7039102096163115,3,2023-12-04,0
16564,87725,8.299783171949787,4,2023-10-09,0
56545,17200,7.443078374348516,4,2024-12-29,0
11211,55123,7.862497197230545,1,2024-06-07,0
46295,57519,7.746300662231439,4,2024-11-01,0
61985,45295,7.81237820598861,4,2024-10-09,0
49678,14331,7.421177528595393,0,2023-06-12,0
24417,88243,8.277666160851503,0,2024-06-20,0
73478,15975,7.629489916393995,3,2023-03-21,0
78835,16002,6.448889394146858,0,2024-11-19,1
81455,60826,6.756932389247553,4,2023-02-24,0
81397,45047,8.364042011922063,3,2024-04-02,0
63477,46941,6.285998094508865,3,2024-08-25,0
25723,69021,7.005789019253503,4,2024-10-08,0
55595,40230,6.881411303642535,1,2023-12-06,0
63309,94063,7.118826249062078,0,2024-12-14,0
78835,32124,7.976251943745623,4,2024-12-31,0
27413,42369,8.161089512845797,1,2023-11-17,0
17413,81032,7.24422751560335,3,2023-10-08,0
59757,62857,8.338305731356565,3,2024-04-07,0
13176,10989,8.486527777105353,0,2024-01-26,1
12523,71575,8.047509510981422,2,2024-11-13,0
55296,98514,8.266164436612492,2,2024-01-09,0
86628,30759,6.717804695023691,2,2024-07-13,0
76523,23539,7.732807530422021,1,2023-08-11,0
94110,33112,7.679713639966372,1,2023-01-26,0
39762,58495,6.680854678790215,0,2023-09-30,0
63943,48296,8.371704884667631,1,2023-11-15,0
53693,13122,6.270988431858299,2,2023-09-27,0
48040,62469,8.318742252692399,0,2024-10-15,0
83493,91803,8.368925174747135,3,2025-01-05,0
30515,94063,7.8013913202914855,2,2024-08-26,0
31692,53355,7.278628942320682,4,2023-11-02,0
80756,87511,7.052721049232323,3,2024-11-12,0
36614,53051,8.426830751335846,0,2025-01-20,0
48497,98491,7.69484807238461,3,2024-05-18,0
32035,74936,8.15478757276852,3,2024-01-27,0
54039,50011,7.182352111885263,3,2024-08-09,0
88026,77839,8.21554741194707,3,2023-09-14,0
14615,96264,8.239329427901795,0,2024-11-24,0
18765,24114,8.074960359115858,3,2023-10-03,0
87298,79214,6.877296071497429,1,2023-06-17,1
13929,89514,7.723120092266331,0,2023-09-22,0
39461,33072,7.682021510826875,1,2024-10-02,1
70475,80354,5.602118820879701,2,2023-03-17,0
52342,81202,4.02535169073515,0,2024-02-28,0
35810,26209,6.395261598115449,2,2023-10-17,0
65411,88460,8.281977058867758,0,2023-08-20,0
87298,98676,8.125039097367745,3,2024-12-06,0
90982,50087,8.301025253838453,0,2025-01-15,0
81201,90545,8.445267451844648,0,2024-07-26,0
83116,53316,8.170185652879642,1,2023-02-20,0
81537,40735,8.308938252595778,2,2023-06-27,0
73084,27171,7.491087593534876,2,2023-11-22,0
66248,67095,6.118097198041348,0,2023-02-05,0
35979,83436,8.21716859576607,2,2024-06-15,0
53233,13513,5.808142489980444,0,2024-10-26,0
70897,35950,8.228710798793687,3,2023-12-22,0
75709,11868,8.091933455979893,0,2024-06-13,0
69734,29618,7.6251071482389,3,2024-10-16,0
65001,77445,8.413830678421084,3,2024-08-28,1
37255,64480,7.005789019253503,1,2024-10-06,0
90982,98681,8.242229891372231,4,2024-05-30,1
36578,31908,8.469891918298224,2,2024-05-03,0
26459,80100,5.3471075307174685,1,2024-12-05,1
18765,59613,5.908082938168931,4,2023-04-29,0
86664,95928,8.185907481482324,2,2023-02-12,0
88852,25937,8.098338846189057,3,2024-02-25,0
26249,93162,6.013715156042802,2,2024-02-09,0
73478,91499,8.25088114470065,2,2023-10-30,0
58250,29760,8.340217320947035,0,2024-11-02,1
90812,29760,8.080237416216702,2,2023-03-08,0
52275,59496,7.338888133838879,2,2024-03-14,0
62179,84102,7.658227526161352,0,2024-11-18,0
43178,28033,7.365180126021013,4,2024-07-31,0
37255,63444,7.307202314764738,3,2025-01-18,0
36556,24264,5.924255797414532,4,2023-12-12,0
29155,84518,8.127699852817772,1,2023-07-28,0
43977,24806,7.946263643580541,0,2023-10-18,0
91920,28100,8.490233009833455,1,2024-07-27,0
80756,12961,8.08886878916199,4,2023-09-10,0
93936,17283,8.335431477880796,0,2024-09-15,1
90031,27849,8.060224240440958,3,2024-01-09,0
81346,47133,6.218600119691729,0,2024-03-26,0
17030,70150,8.403352374992478,4,2023-02-08,0
24536,70930,7.81156848934518,4,2024-08-04,0
13929,80354,7.499423290592229,3,2024-09-12,1
72839,16336,7.220373836723949,4,2023-07-24,0
70062,37434,6.040254711277414,4,2023-06-26,0
13849,25937,8.15478757276852,4,2024-01-26,0
16564,89529,8.199189359078067,4,2025-01-17,0
68229,17822,6.745236349484363,3,2024-05-17,1
77562,91499,8.294549515143679,3,2023-08-02,0
84374,76929,6.904750769961838,4,2023-04-06,0
39461,59563,7.779048644925556,1,2025-01-15,0
28639,47010,8.417814747435958,3,2023-12-19,0
63607,14952,8.213381737034572,4,2023-10-16,0
48159,25168,7.0707241072602764,4,2024-05-26,0
55296,45047,7.8898337513942955,3,2023-08-23,0
20452,81802,6.860663671448287,4,2023-10-24,0
56434,16751,7.433666540166168,4,2023-12-30,0
12267,29247,8.133880887949207,3,2023-12-09,0
55513,13513,8.173293438966228,1,2023-12-12,0
52243,74936,6.429719478039138,1,2024-09-20,0
96859,74725,7.885329239273191,1,2024-03-06,0
61287,31436,7.280008252884188,4,2024-07-15,0
16592,62071,7.796057974316123,0,2024-08-28,0
82305,42179,8.224967478914584,4,2023-02-16,0
46625,12767,7.069874128458572,0,2023-08-27,0
74071,31908,7.482681828154651,3,2023-11-08,0
13929,71543,7.368339686311381,3,2024-09-30,0
63607,47393,7.980365765111246,0,2024-12-11,0
18284,83220,8.235625719964311,1,2023-09-09,0
41064,30135,6.040254711277414,0,2023-09-08,0
81828,22689,7.947678571301568,1,2023-05-24,0
56135,83643,6.813444599510896,4,2024-10-27,1
29622,42018,8.368461137615839,0,2024-09-09,0
65981,25361,7.5411524551363085,2,2024-05-09,0
63309,62018,7.949091499830517,0,2023-12-20,0
27413,80100,8.175547596021026,4,2023-10-02,0
56804,29816,6.85751406254539,1,2023-10-13,0
71246,70649,4.653960350157523,3,2023-07-15,0
24982,66515,8.095293776844649,2,2023-05-31,0
87298,45537,8.124446855715847,0,2023-04-19,0
92967,73084,8.357024439263416,0,2024-01-31,0
34446,96336,7.106606137727303,3,2024-10-12,0
82635,63444,6.507277712385012,1,2023-04-24,0
88852,85971,4.948759890378168,4,2023-07-28,0
82493,74223,8.173857454773621,4,2023-08-06,0
56142,15952,7.516433302915632,0,2023-04-26,0
74228,15142,7.913886714856082,4,2024-04-19,0
36614,21946,7.338238150065589,0,2023-08-30,0
12147,83557,8.415160465851086,1,2023-10-01,0
